<manifest code="game">
  <sobject expression="@SOBJECT(sthpw/project['code','game'])" search_type="sthpw/project" unique="true"/>
  <sobject expression="@SOBJECT(sthpw/project['code','game'].sthpw/project_type)" search_type="sthpw/project_type" unique="true"/>
  <sobject expression="@SOBJECT(sthpw/schema['code','game'])" search_type="sthpw/schema" unique="true"/>
  <search_type code="game/asset"/>
  <search_type code="game/asset_in_asset"/>
  <search_type code="game/asset_in_level"/>
  <search_type code="game/asset_type"/>
  <search_type code="game/game"/>
  <search_type code="game/level"/>
  <search_type code="game/sound"/>
  <search_type code="game/ticket"/>
  <search_type code="game/week_report"/>
  <sobject search_type="config/custom_script" seq_max="2"/>
  <sobject search_type="config/widget_config" seq_max="144"/>
  <sobject search_type="config/naming" seq_max="1"/>
  <sobject search_type="config/client_trigger" seq_max="1"/>
  <sobject search_type="config/process" seq_max="20"/>
  <sobject search_type="config/trigger" seq_max="1"/>
  <sobject search_type="config/url" seq_max="1"/>
  <sobject expression="@SOBJECT(sthpw/login_group['project_code','game'])" search_type="sthpw/login_group" unique="true"/>
  <sobject expression="@SOBJECT(sthpw/pipeline['project_code','game'])" search_type="sthpw/pipeline" unique="true"/>
  <sobject expression="@SOBJECT(sthpw/notification['project_code','game'])" search_type="sthpw/notification"/>
  <data/>
</manifest>
